FilePath,BookingID,Name,OriginIATA,OriginLat,OriginLon,DestinationIATA,DestinationLat,DestinationLon,DOB,CityName,CityLat,CityLon,Nationality,Sex
XMLs/flight_id_178542.xml,DXB-SVO-business-ID35,Michele Wilson,DXB,55.36439896,25.25279999,SVO,37.4146,55.972599,1943-10-06,Dubai,55.36439896,25.25279999,MNG,F
XMLs/flight_id_178542.xml,DXB-SVO-business-ID35,Scott Ljubetic,DXB,55.36439896,25.25279999,SVO,37.4146,55.972599,1978-10-27,Dubai,55.36439896,25.25279999,LUX,M
XMLs/flight_id_178542.xml,DXB-SVO-business-ID35,Joshua Simoens,DXB,55.36439896,25.25279999,SVO,37.4146,55.972599,1969-08-01,Dubai,55.36439896,25.25279999,LBR,M
XMLs/flight_id_178542.xml,DXB-SVO-business-ID35,Shane Baker,DXB,55.36439896,25.25279999,SVO,37.4146,55.972599,1996-11-05,Dubai,55.36439896,25.25279999,MNG,M
XMLs/flight_id_178542.xml,DXB-SVO-leisure-ID22,Clayton Weiss,DXB,55.36439896,25.25279999,SVO,37.4146,55.972599,1946-05-21,Dubai,55.36439896,25.25279999,HKG,M
XMLs/flight_id_178542.xml,DXB-SVO-leisure-ID22,Diane Weiss,DXB,55.36439896,25.25279999,SVO,37.4146,55.972599,1944-12-29,Dubai,55.36439896,25.25279999,HKG,F
XMLs/flight_id_178542.xml,DXB-SVO-leisure-ID108,lym al qSyr,DXB,55.36439896,25.25279999,SVO,37.4146,55.972599,1976-06-09,Dubai,55.36439896,25.25279999,BHR,F
XMLs/flight_id_178542.xml,DXB-SVO-leisure-ID108,sml al qySr,DXB,55.36439896,25.25279999,SVO,37.4146,55.972599,1976-12-12,Dubai,55.36439896,25.25279999,BHR,M
XMLs/flight_id_178542.xml,DXB-SVO-leisure-ID154,Jennifer Gardner,DXB,55.36439896,25.25279999,SVO,37.4146,55.972599,1943-05-27,Dubai,55.36439896,25.25279999,BRN,F
XMLs/flight_id_178542.xml,DXB-SVO-leisure-ID227,Monica Higgins,DXB,55.36439896,25.25279999,SVO,37.4146,55.972599,1953-08-22,Dubai,55.36439896,25.25279999,MMR,F
XMLs/flight_id_178542.xml,DXB-SVO-leisure-ID229,Katrina Hall,DXB,55.36439896,25.25279999,SVO,37.4146,55.972599,1953-10-30,Dubai,55.36439896,25.25279999,MMR,F
XMLs/flight_id_178542.xml,DXB-SVO-leisure-ID239,Lisa Hill,DXB,55.36439896,25.25279999,SVO,37.4146,55.972599,1950-09-02,Dubai,55.36439896,25.25279999,MMR,F
XMLs/flight_id_178542.xml,DXB-SVO-leisure-ID264,Collin Golden,DXB,55.36439896,25.25279999,SVO,37.4146,55.972599,1955-05-15,Dubai,55.36439896,25.25279999,MNG,M
XMLs/flight_id_178542.xml,DXB-SVO-leisure-ID264,Deanna Golden,DXB,55.36439896,25.25279999,SVO,37.4146,55.972599,1974-10-31,Dubai,55.36439896,25.25279999,MNG,F
XMLs/flight_id_178542.xml,DXB-SVO-leisure-ID264,Amy Golden,DXB,55.36439896,25.25279999,SVO,37.4146,55.972599,1976-10-24,Dubai,55.36439896,25.25279999,MNG,F
XMLs/flight_id_178542.xml,DXB-SVO-leisure-ID395,Meagan Lowery,DXB,55.36439896,25.25279999,SVO,37.4146,55.972599,1977-05-27,Dubai,55.36439896,25.25279999,NZL,F
XMLs/flight_id_178542.xml,DXB-SVO-leisure-ID581,Christian Baker,DXB,55.36439896,25.25279999,SVO,37.4146,55.972599,1960-05-29,Dubai,55.36439896,25.25279999,NOR,M
XMLs/flight_id_178542.xml,DXB-SVO-leisure-ID581,Kara Baker,DXB,55.36439896,25.25279999,SVO,37.4146,55.972599,1973-02-08,Dubai,55.36439896,25.25279999,NOR,F
XMLs/flight_id_178542.xml,DXB-SVO-leisure-ID581,Michelle Baker,DXB,55.36439896,25.25279999,SVO,37.4146,55.972599,1974-10-21,Dubai,55.36439896,25.25279999,NOR,F
XMLs/flight_id_178542.xml,DXB-SVO-leisure-ID612,Eduardo Phillips,DXB,55.36439896,25.25279999,SVO,37.4146,55.972599,1982-12-27,Dubai,55.36439896,25.25279999,VNM,M
XMLs/flight_id_178542.xml,DXB-SVO-leisure-ID612,Samantha Phillips,DXB,55.36439896,25.25279999,SVO,37.4146,55.972599,1981-03-31,Dubai,55.36439896,25.25279999,VNM,F
XMLs/flight_id_178542.xml,DXB-SVO-leisure-ID634,flH ljbr,DXB,55.36439896,25.25279999,SVO,37.4146,55.972599,1955-07-14,Dubai,55.36439896,25.25279999,YEM,M
XMLs/flight_id_178542.xml,DXB-SVO-leisure-ID634,lwly ljbr,DXB,55.36439896,25.25279999,SVO,37.4146,55.972599,1959-02-18,Dubai,55.36439896,25.25279999,YEM,F
XMLs/flight_id_178542.xml,DXB-SVO-leisure-ID854,Christopher Evans,DXB,55.36439896,25.25279999,SVO,37.4146,55.972599,1978-11-04,Dubai,55.36439896,25.25279999,ETH,M
XMLs/flight_id_178542.xml,DXB-SVO-leisure-ID854,Megan Evans,DXB,55.36439896,25.25279999,SVO,37.4146,55.972599,1983-05-13,Dubai,55.36439896,25.25279999,ETH,F
XMLs/flight_id_178542.xml,DXB-SVO-leisure-ID1061,Richard Schmidinger,DXB,55.36439896,25.25279999,SVO,37.4146,55.972599,1951-12-28,Dubai,55.36439896,25.25279999,AZE,M
XMLs/flight_id_178542.xml,DXB-SVO-leisure-ID1061,Caroline Schmidinger,DXB,55.36439896,25.25279999,SVO,37.4146,55.972599,1976-01-23,Dubai,55.36439896,25.25279999,AZE,F
XMLs/flight_id_178542.xml,DXB-SVO-business-ID15,`bd lrWw'wf l`qyl,DXB,55.36439896,25.25279999,SVO,37.4146,55.972599,1947-02-07,Dubai,55.36439896,25.25279999,SYR,M
XMLs/flight_id_178542.xml,DXB-SVO-business-ID15,'fnn lHjr,DXB,55.36439896,25.25279999,SVO,37.4146,55.972599,1981-08-18,Dubai,55.36439896,25.25279999,SYR,F
XMLs/flight_id_178542.xml,DXB-SVO-business-ID15,Jonathan Mccormick,DXB,55.36439896,25.25279999,SVO,37.4146,55.972599,1944-12-03,Dubai,55.36439896,25.25279999,PYF,M
XMLs/flight_id_178542.xml,DXB-SVO-business-ID15,Steven da Paz,DXB,55.36439896,25.25279999,SVO,37.4146,55.972599,1973-08-01,Dubai,55.36439896,25.25279999,KOR,M
XMLs/flight_id_178542.xml,DXB-SVO-business-ID38,Michael Karlsson,DXB,55.36439896,25.25279999,SVO,37.4146,55.972599,1979-01-06,Dubai,55.36439896,25.25279999,SYC,M
XMLs/flight_id_178542.xml,DXB-SVO-business-ID69,Jerry Murray,DXB,55.36439896,25.25279999,SVO,37.4146,55.972599,1978-11-03,Dubai,55.36439896,25.25279999,AFG,M
XMLs/flight_id_178542.xml,DXB-SVO-business-ID69,Richard Smith,DXB,55.36439896,25.25279999,SVO,37.4146,55.972599,1976-04-24,Dubai,55.36439896,25.25279999,AFG,M
XMLs/flight_id_178542.xml,DXB-SVO-business-ID69,Shannon Farmer,DXB,55.36439896,25.25279999,SVO,37.4146,55.972599,1984-04-02,Dubai,55.36439896,25.25279999,ISL,F
XMLs/flight_id_178542.xml,DXB-SVO-group-ID6,Mary Ingram,DXB,55.36439896,25.25279999,SVO,37.4146,55.972599,1977-08-05,Dubai,55.36439896,25.25279999,TJK,F
XMLs/flight_id_178542.xml,DXB-SVO-group-ID6,Claudia White,DXB,55.36439896,25.25279999,SVO,37.4146,55.972599,1986-11-27,Dubai,55.36439896,25.25279999,TJK,F
XMLs/flight_id_178542.xml,DXB-SVO-group-ID6,yzyd Holland,DXB,55.36439896,25.25279999,SVO,37.4146,55.972599,1951-02-06,Dubai,55.36439896,25.25279999,COG,M
XMLs/flight_id_178542.xml,DXB-SVO-group-ID6,m`rf al mHmd bn `ly bn jmz,DXB,55.36439896,25.25279999,SVO,37.4146,55.972599,1981-11-25,Dubai,55.36439896,25.25279999,SYR,M
XMLs/flight_id_178542.xml,DXB-SVO-group-ID20,Erin Bowen,DXB,55.36439896,25.25279999,SVO,37.4146,55.972599,1993-07-31,Dubai,55.36439896,25.25279999,MNG,F
XMLs/flight_id_178542.xml,DXB-SVO-group-ID20,Katherine Medved,DXB,55.36439896,25.25279999,SVO,37.4146,55.972599,1996-03-18,Dubai,55.36439896,25.25279999,SLE,F
XMLs/flight_id_178542.xml,DXB-SVO-leisure-ID0,Richard Zhai Teng,DXB,55.36439896,25.25279999,SVO,37.4146,55.972599,1945-07-15,Dubai,55.36439896,25.25279999,SEN,M
XMLs/flight_id_178542.xml,DXB-SVO-leisure-ID0,Latasha Zhai Teng,DXB,55.36439896,25.25279999,SVO,37.4146,55.972599,1973-06-19,Dubai,55.36439896,25.25279999,SEN,F
XMLs/flight_id_178542.xml,DXB-SVO-leisure-ID0,Erica Zhai Teng,DXB,55.36439896,25.25279999,SVO,37.4146,55.972599,1976-09-14,Dubai,55.36439896,25.25279999,SEN,F
XMLs/flight_id_178542.xml,DXB-SVO-leisure-ID130,Kevin Hayes,DXB,55.36439896,25.25279999,SVO,37.4146,55.972599,1987-11-24,Dubai,55.36439896,25.25279999,BRN,M
XMLs/flight_id_178542.xml,DXB-SXF-leisure-ID66,Justin Schneider,DXB,55.36439896,25.25279999,SVO,37.4146,55.972599,1983-09-03,Dubai,55.36439896,25.25279999,MAC,M
XMLs/flight_id_178542.xml,DXB-SXF-leisure-ID66,Kayla Schneider,DXB,55.36439896,25.25279999,SVO,37.4146,55.972599,1979-05-12,Dubai,55.36439896,25.25279999,MAC,F
XMLs/flight_id_178542.xml,DXB-SVO-leisure-ID258,Alyssa Hunter,DXB,55.36439896,25.25279999,SVO,37.4146,55.972599,1946-05-17,Dubai,55.36439896,25.25279999,MMR,F
XMLs/flight_id_178542.xml,DXB-SXF-leisure-ID114,Stephanie Hernandez,DXB,55.36439896,25.25279999,SVO,37.4146,55.972599,1991-08-29,Dubai,55.36439896,25.25279999,BRN,F
XMLs/flight_id_178542.xml,DXB-SVO-leisure-ID314,David Hill,DXB,55.36439896,25.25279999,SVO,37.4146,55.972599,1942-03-20,Dubai,55.36439896,25.25279999,MYS,M
XMLs/flight_id_178542.xml,DXB-SVO-leisure-ID314,Catherine Hill,DXB,55.36439896,25.25279999,SVO,37.4146,55.972599,1943-09-28,Dubai,55.36439896,25.25279999,MYS,F
XMLs/flight_id_178542.xml,DXB-SVO-leisure-ID340,Linda Vazquez,DXB,55.36439896,25.25279999,SVO,37.4146,55.972599,1960-12-13,Dubai,55.36439896,25.25279999,MYS,F
XMLs/flight_id_178542.xml,DXB-SVO-leisure-ID415,wSfy al qSyr,DXB,55.36439896,25.25279999,SVO,37.4146,55.972599,1943-03-28,Dubai,55.36439896,25.25279999,PSE,M
XMLs/flight_id_178542.xml,DXB-SVO-leisure-ID478,John Faulkner,DXB,55.36439896,25.25279999,SVO,37.4146,55.972599,1990-03-25,Dubai,55.36439896,25.25279999,PYF,M
XMLs/flight_id_178542.xml,DXB-SVO-leisure-ID478,Allison Faulkner,DXB,55.36439896,25.25279999,SVO,37.4146,55.972599,1988-09-10,Dubai,55.36439896,25.25279999,PYF,F
XMLs/flight_id_178542.xml,DXB-SVO-leisure-ID528,Michael George,DXB,55.36439896,25.25279999,SVO,37.4146,55.972599,1945-10-28,Dubai,55.36439896,25.25279999,TJK,M
XMLs/flight_id_178542.xml,DXB-SVO-leisure-ID528,Kathleen George,DXB,55.36439896,25.25279999,SVO,37.4146,55.972599,1972-10-26,Dubai,55.36439896,25.25279999,TJK,F
XMLs/flight_id_178542.xml,DXB-SVO-leisure-ID555,James Michael,DXB,55.36439896,25.25279999,SVO,37.4146,55.972599,1981-05-08,Dubai,55.36439896,25.25279999,GGY,M
XMLs/flight_id_178542.xml,DXB-SVO-leisure-ID555,Jessica Michael,DXB,55.36439896,25.25279999,SVO,37.4146,55.972599,1978-08-29,Dubai,55.36439896,25.25279999,GGY,F
XMLs/flight_id_178542.xml,DXB-SVO-leisure-ID571,Justin Berry,DXB,55.36439896,25.25279999,SVO,37.4146,55.972599,1976-11-18,Dubai,55.36439896,25.25279999,VNM,M
XMLs/flight_id_178542.xml,DXB-SXF-leisure-ID205,`bdllh al rfy`,DXB,55.36439896,25.25279999,SVO,37.4146,55.972599,1992-11-11,Dubai,55.36439896,25.25279999,CAN,M
XMLs/flight_id_178542.xml,DXB-SXF-leisure-ID205,zky@ al rfy`,DXB,55.36439896,25.25279999,SVO,37.4146,55.972599,1976-03-04,Dubai,55.36439896,25.25279999,CAN,F
XMLs/flight_id_178542.xml,DXB-SXF-leisure-ID205,Gw~ al rfy`,DXB,55.36439896,25.25279999,SVO,37.4146,55.972599,1973-09-30,Dubai,55.36439896,25.25279999,CAN,F
XMLs/flight_id_178542.xml,DXB-SXF-leisure-ID205,rwbyn al rfy`,DXB,55.36439896,25.25279999,SVO,37.4146,55.972599,1972-01-29,Dubai,55.36439896,25.25279999,CAN,F
XMLs/flight_id_178542.xml,DXB-SVO-leisure-ID615,Richard Lopez,DXB,55.36439896,25.25279999,SVO,37.4146,55.972599,1969-05-31,Dubai,55.36439896,25.25279999,VNM,M
XMLs/flight_id_178542.xml,DXB-SVO-leisure-ID615,Christine Lopez,DXB,55.36439896,25.25279999,SVO,37.4146,55.972599,1966-08-30,Dubai,55.36439896,25.25279999,VNM,F
XMLs/flight_id_178542.xml,DXB-SVO-leisure-ID635,khyry Siudek,DXB,55.36439896,25.25279999,SVO,37.4146,55.972599,1943-10-08,Dubai,55.36439896,25.25279999,DJI,M
XMLs/flight_id_178542.xml,DXB-SVO-leisure-ID635,sdym Siudek,DXB,55.36439896,25.25279999,SVO,37.4146,55.972599,1974-09-12,Dubai,55.36439896,25.25279999,DJI,F
XMLs/flight_id_178542.xml,DXB-SVO-leisure-ID635,`tb Siudek,DXB,55.36439896,25.25279999,SVO,37.4146,55.972599,1974-10-19,Dubai,55.36439896,25.25279999,DJI,F
XMLs/flight_id_178542.xml,DXB-SVO-leisure-ID727,Ronald Brown,DXB,55.36439896,25.25279999,SVO,37.4146,55.972599,1980-06-16,Dubai,55.36439896,25.25279999,VEN,M
XMLs/flight_id_178542.xml,DXB-SVO-leisure-ID727,Alyssa Brown,DXB,55.36439896,25.25279999,SVO,37.4146,55.972599,1979-06-15,Dubai,55.36439896,25.25279999,VEN,F
XMLs/flight_id_178542.xml,DXB-SVO-leisure-ID740,nwl al bn lfy,DXB,55.36439896,25.25279999,SVO,37.4146,55.972599,1974-09-16,Dubai,55.36439896,25.25279999,EGY,F
XMLs/flight_id_178542.xml,DXB-SVO-leisure-ID740,Tryf al bn lfy,DXB,55.36439896,25.25279999,SVO,37.4146,55.972599,1972-01-08,Dubai,55.36439896,25.25279999,EGY,M
XMLs/flight_id_178542.xml,DXB-SVO-leisure-ID740,tmm al bn lfy,DXB,55.36439896,25.25279999,SVO,37.4146,55.972599,2002-06-10,Dubai,55.36439896,25.25279999,EGY,F
XMLs/flight_id_178542.xml,DXB-SVO-leisure-ID745,rDy al bn lfy,DXB,55.36439896,25.25279999,SVO,37.4146,55.972599,1950-03-26,Dubai,55.36439896,25.25279999,EGY,M
XMLs/flight_id_178542.xml,DXB-SVO-leisure-ID745,rymn al bn lfy,DXB,55.36439896,25.25279999,SVO,37.4146,55.972599,1950-05-16,Dubai,55.36439896,25.25279999,EGY,F
XMLs/flight_id_178542.xml,DXB-SVO-leisure-ID745,Syl al bn lfy,DXB,55.36439896,25.25279999,SVO,37.4146,55.972599,1986-04-26,Dubai,55.36439896,25.25279999,EGY,F
XMLs/flight_id_178542.xml,DXB-SVO-business-ID149,Mathew Kelly,DXB,55.36439896,25.25279999,SVO,37.4146,55.972599,1972-12-10,Dubai,55.36439896,25.25279999,IMN,M
XMLs/flight_id_178542.xml,DXB-SVO-business-ID149,Gerald Williamson,DXB,55.36439896,25.25279999,SVO,37.4146,55.972599,1984-04-29,Dubai,55.36439896,25.25279999,IMN,M
XMLs/flight_id_178542.xml,DXB-SVO-business-ID176,Declan Coates,DXB,55.36439896,25.25279999,SVO,37.4146,55.972599,1978-09-24,Dubai,55.36439896,25.25279999,GGY,M
XMLs/flight_id_178542.xml,DXB-SVO-group-ID136,Amanda Webb,DXB,55.36439896,25.25279999,SVO,37.4146,55.972599,1946-08-07,Dubai,55.36439896,25.25279999,DJI,F
XMLs/flight_id_178542.xml,DXB-SVO-group-ID136,Patrick Abreu,DXB,55.36439896,25.25279999,SVO,37.4146,55.972599,1986-06-11,Dubai,55.36439896,25.25279999,USA,M
XMLs/flight_id_178542.xml,DXB-SVO-group-ID136,Kyle Taylor,DXB,55.36439896,25.25279999,SVO,37.4146,55.972599,1982-01-03,Dubai,55.36439896,25.25279999,TTO,M
XMLs/flight_id_178542.xml,DXB-SVO-group-ID161,James Gonzalez,DXB,55.36439896,25.25279999,SVO,37.4146,55.972599,1983-12-14,Dubai,55.36439896,25.25279999,BWA,M
XMLs/flight_id_178542.xml,DXB-SXF-business-ID68,Lynn Jones,DXB,55.36439896,25.25279999,SVO,37.4146,55.972599,1950-10-16,Dubai,55.36439896,25.25279999,ETH,F
XMLs/flight_id_178542.xml,DXB-SXF-business-ID68,mhrn lmhn,DXB,55.36439896,25.25279999,SVO,37.4146,55.972599,1960-03-27,Dubai,55.36439896,25.25279999,EGY,M
XMLs/flight_id_178542.xml,DXB-SXF-business-ID68,Sdr ldWyn Ellis,DXB,55.36439896,25.25279999,SVO,37.4146,55.972599,1980-09-19,Dubai,55.36439896,25.25279999,MWI,M
XMLs/flight_id_178542.xml,DXB-SXF-business-ID68,Hnbl al Hsyn,DXB,55.36439896,25.25279999,SVO,37.4146,55.972599,1992-01-20,Dubai,55.36439896,25.25279999,EGY,M
XMLs/flight_id_178542.xml,DXB-SVO-leisure-ID79,James Mazilescu,DXB,55.36439896,25.25279999,SVO,37.4146,55.972599,1971-12-19,Dubai,55.36439896,25.25279999,COL,M
XMLs/flight_id_178542.xml,DXB-SVO-leisure-ID79,Felicia Mazilescu,DXB,55.36439896,25.25279999,SVO,37.4146,55.972599,1974-04-29,Dubai,55.36439896,25.25279999,COL,F
XMLs/flight_id_178542.xml,DXB-SVO-leisure-ID176,Eric Payne,DXB,55.36439896,25.25279999,SVO,37.4146,55.972599,1956-07-26,Dubai,55.36439896,25.25279999,IDN,M
XMLs/flight_id_178542.xml,DXB-SVO-leisure-ID176,Samantha Payne,DXB,55.36439896,25.25279999,SVO,37.4146,55.972599,1974-02-05,Dubai,55.36439896,25.25279999,IDN,F
XMLs/flight_id_178542.xml,DXB-SVO-leisure-ID271,Lee Mcclure,DXB,55.36439896,25.25279999,SVO,37.4146,55.972599,1976-07-15,Dubai,55.36439896,25.25279999,MNG,M
XMLs/flight_id_178542.xml,DXB-SVO-leisure-ID271,Emily Mcclure,DXB,55.36439896,25.25279999,SVO,37.4146,55.972599,1975-11-08,Dubai,55.36439896,25.25279999,MNG,F
XMLs/flight_id_178542.xml,DXB-SVO-leisure-ID328,Jeffrey Norman,DXB,55.36439896,25.25279999,SVO,37.4146,55.972599,1975-08-30,Dubai,55.36439896,25.25279999,MYS,M
XMLs/flight_id_178542.xml,DXB-SVO-leisure-ID567,Nicholas Tate,DXB,55.36439896,25.25279999,SVO,37.4146,55.972599,1951-07-19,Dubai,55.36439896,25.25279999,VNM,M
XMLs/flight_id_178542.xml,DXB-SVO-leisure-ID567,Christopher Tate,DXB,55.36439896,25.25279999,SVO,37.4146,55.972599,1977-04-05,Dubai,55.36439896,25.25279999,VNM,M
XMLs/flight_id_178542.xml,DXB-SVO-leisure-ID567,Suzanne Tate,DXB,55.36439896,25.25279999,SVO,37.4146,55.972599,1985-05-15,Dubai,55.36439896,25.25279999,VNM,F
XMLs/flight_id_178542.xml,DXB-SVO-leisure-ID584,Brian Lewis,DXB,55.36439896,25.25279999,SVO,37.4146,55.972599,1982-07-10,Dubai,55.36439896,25.25279999,VNM,M
XMLs/flight_id_178542.xml,DXB-SVO-leisure-ID584,Shelly Lewis,DXB,55.36439896,25.25279999,SVO,37.4146,55.972599,1984-09-21,Dubai,55.36439896,25.25279999,VNM,F
XMLs/flight_id_178542.xml,DXB-SVO-leisure-ID665,Paul Morris,DXB,55.36439896,25.25279999,SVO,37.4146,55.972599,1948-06-19,Dubai,55.36439896,25.25279999,TTO,M
XMLs/flight_id_178542.xml,DXB-SVO-leisure-ID728,Elizabeth Griffith,DXB,55.36439896,25.25279999,SVO,37.4146,55.972599,1964-05-18,Dubai,55.36439896,25.25279999,VEN,F
XMLs/flight_id_178542.xml,DXB-SVO-leisure-ID750,mhdy al lshykh,DXB,55.36439896,25.25279999,SVO,37.4146,55.972599,1977-12-26,Dubai,55.36439896,25.25279999,EGY,M
XMLs/flight_id_178542.xml,DXB-SVO-leisure-ID750,bthl al lshykh,DXB,55.36439896,25.25279999,SVO,37.4146,55.972599,1975-03-30,Dubai,55.36439896,25.25279999,EGY,F
XMLs/flight_id_178542.xml,DXB-SVO-leisure-ID750,bh al lshykh,DXB,55.36439896,25.25279999,SVO,37.4146,55.972599,1975-10-04,Dubai,55.36439896,25.25279999,EGY,F
XMLs/flight_id_178542.xml,DXB-SVO-leisure-ID853,Nicholas Smith,DXB,55.36439896,25.25279999,SVO,37.4146,55.972599,1986-01-30,Dubai,55.36439896,25.25279999,ETH,M
XMLs/flight_id_178542.xml,DXB-SVO-leisure-ID853,Alicia Smith,DXB,55.36439896,25.25279999,SVO,37.4146,55.972599,1983-01-20,Dubai,55.36439896,25.25279999,ETH,F
XMLs/flight_id_178542.xml,DXB-SVO-leisure-ID857,Tracey Sullivan,DXB,55.36439896,25.25279999,SVO,37.4146,55.972599,1975-08-07,Dubai,55.36439896,25.25279999,ETH,F
XMLs/flight_id_178542.xml,DXB-SVO-leisure-ID1116,Barry Wilson,DXB,55.36439896,25.25279999,SVO,37.4146,55.972599,1977-09-27,Dubai,55.36439896,25.25279999,GGY,M
XMLs/flight_id_178542.xml,DXB-SVO-leisure-ID1116,Debra Wilson,DXB,55.36439896,25.25279999,SVO,37.4146,55.972599,1974-07-10,Dubai,55.36439896,25.25279999,GGY,F
XMLs/flight_id_178542.xml,DXB-SXF-leisure-ID434,Neil Tomlinson,DXB,55.36439896,25.25279999,SVO,37.4146,55.972599,1974-09-09,Dubai,55.36439896,25.25279999,GGY,M
XMLs/flight_id_178542.xml,DXB-SXF-leisure-ID434,Lynda Tomlinson,DXB,55.36439896,25.25279999,SVO,37.4146,55.972599,1975-12-08,Dubai,55.36439896,25.25279999,GGY,F
XMLs/flight_id_178542.xml,DXB-SVO-leisure-ID1292,Natasha Gibson,DXB,55.36439896,25.25279999,SVO,37.4146,55.972599,1994-05-17,Dubai,55.36439896,25.25279999,GIB,F
XMLs/flight_id_178542.xml,DXB-SXF-leisure-ID534,Stuart Baxter,DXB,55.36439896,25.25279999,SVO,37.4146,55.972599,1973-07-16,Dubai,55.36439896,25.25279999,IMN,M
XMLs/flight_id_178542.xml,DXB-SXF-leisure-ID534,Hannah Baxter,DXB,55.36439896,25.25279999,SVO,37.4146,55.972599,1970-12-17,Dubai,55.36439896,25.25279999,IMN,F
XMLs/flight_id_178542.xml,DXB-SVO-leisure-ID1532,Callum Freeman,DXB,55.36439896,25.25279999,SVO,37.4146,55.972599,1948-02-20,Dubai,55.36439896,25.25279999,IMN,M
XMLs/flight_id_178542.xml,DXB-SVO-leisure-ID1532,Teresa Freeman,DXB,55.36439896,25.25279999,SVO,37.4146,55.972599,1944-07-18,Dubai,55.36439896,25.25279999,IMN,F
XMLs/flight_id_178542.xml,DXB-SVO-leisure-ID1614,Antony Peacock,DXB,55.36439896,25.25279999,SVO,37.4146,55.972599,1956-06-10,Dubai,55.36439896,25.25279999,JEY,M
XMLs/flight_id_178542.xml,DXB-SVO-leisure-ID1614,Fiona Peacock,DXB,55.36439896,25.25279999,SVO,37.4146,55.972599,1974-11-15,Dubai,55.36439896,25.25279999,JEY,F
XMLs/flight_id_178542.xml,DXB-SVO-leisure-ID1614,Sheila Peacock,DXB,55.36439896,25.25279999,SVO,37.4146,55.972599,1972-10-21,Dubai,55.36439896,25.25279999,JEY,F
XMLs/flight_id_178542.xml,DXB-SVO-leisure-ID1713,William Hughes,DXB,55.36439896,25.25279999,SVO,37.4146,55.972599,1991-01-13,Dubai,55.36439896,25.25279999,JEY,M
XMLs/flight_id_178542.xml,DXB-SVO-leisure-ID1716,Emily North,DXB,55.36439896,25.25279999,SVO,37.4146,55.972599,1945-11-10,Dubai,55.36439896,25.25279999,JEY,F
XMLs/flight_id_178542.xml,DXB-SVO-leisure-ID1800,Malik Wilson,DXB,55.36439896,25.25279999,SVO,37.4146,55.972599,1957-11-04,Dubai,55.36439896,25.25279999,KEN,M
XMLs/flight_id_178542.xml,DXB-SVO-leisure-ID1800,Lauren Wilson,DXB,55.36439896,25.25279999,SVO,37.4146,55.972599,1956-12-06,Dubai,55.36439896,25.25279999,KEN,F
XMLs/flight_id_178542.xml,DXB-SVO-leisure-ID1929,nbyh 'bw dwwd,DXB,55.36439896,25.25279999,SVO,37.4146,55.972599,1978-04-11,Dubai,55.36439896,25.25279999,MAR,M
XMLs/flight_id_178542.xml,DXB-SVO-leisure-ID1998,SdWm al j`fr,DXB,55.36439896,25.25279999,SVO,37.4146,55.972599,1985-05-10,Dubai,55.36439896,25.25279999,MAR,M
XMLs/flight_id_178542.xml,DXB-SVO-leisure-ID1998,btsm al j`fr,DXB,55.36439896,25.25279999,SVO,37.4146,55.972599,1985-02-19,Dubai,55.36439896,25.25279999,MAR,F
XMLs/flight_id_178542.xml,DXB-SVO-leisure-ID2015,dryd lmhn,DXB,55.36439896,25.25279999,SVO,37.4146,55.972599,1978-04-04,Dubai,55.36439896,25.25279999,MAR,M
XMLs/flight_id_178542.xml,DXB-SVO-leisure-ID2015,'syl lmhn,DXB,55.36439896,25.25279999,SVO,37.4146,55.972599,1983-05-06,Dubai,55.36439896,25.25279999,MAR,F
XMLs/flight_id_178542.xml,DXB-SVO-leisure-ID2015,shr lmhn,DXB,55.36439896,25.25279999,SVO,37.4146,55.972599,2005-04-21,Dubai,55.36439896,25.25279999,MAR,M
XMLs/flight_id_178542.xml,DXB-SVO-leisure-ID2015,Hrth lmhn,DXB,55.36439896,25.25279999,SVO,37.4146,55.972599,2017-01-18,Dubai,55.36439896,25.25279999,MAR,M
XMLs/flight_id_178542.xml,DXB-SXF-leisure-ID795,Sbwr al mHmd bn `ly bn jmz,DXB,55.36439896,25.25279999,SVO,37.4146,55.972599,1978-07-10,Dubai,55.36439896,25.25279999,MAR,M
XMLs/flight_id_178542.xml,DXB-SXF-leisure-ID795,dn@ al mHmd bn `ly bn jmz,DXB,55.36439896,25.25279999,SVO,37.4146,55.972599,1976-04-27,Dubai,55.36439896,25.25279999,MAR,F
XMLs/flight_id_178542.xml,DXB-SXF-leisure-ID795,rm al mHmd bn `ly bn jmz,DXB,55.36439896,25.25279999,SVO,37.4146,55.972599,2017-01-28,Dubai,55.36439896,25.25279999,MAR,F
XMLs/flight_id_178542.xml,DXB-SXF-leisure-ID795,bthl al mHmd bn `ly bn jmz,DXB,55.36439896,25.25279999,SVO,37.4146,55.972599,2004-05-10,Dubai,55.36439896,25.25279999,MAR,F
XMLs/flight_id_178542.xml,DXB-SXF-leisure-ID795,nf` al mHmd bn `ly bn jmz,DXB,55.36439896,25.25279999,SVO,37.4146,55.972599,2007-10-09,Dubai,55.36439896,25.25279999,MAR,M
XMLs/flight_id_178542.xml,DXB-SVO-leisure-ID2334,Stephen Lane,DXB,55.36439896,25.25279999,SVO,37.4146,55.972599,1989-03-21,Dubai,55.36439896,25.25279999,MLI,M
XMLs/flight_id_178542.xml,DXB-SXF-leisure-ID886,Brandon Sanders,DXB,55.36439896,25.25279999,SVO,37.4146,55.972599,1992-04-01,Dubai,55.36439896,25.25279999,MLI,M
XMLs/flight_id_178542.xml,DXB-SXF-leisure-ID886,Marie Sanders,DXB,55.36439896,25.25279999,SVO,37.4146,55.972599,1988-08-18,Dubai,55.36439896,25.25279999,MLI,F
XMLs/flight_id_178542.xml,DXB-SVO-leisure-ID2519,Jason Wilson,DXB,55.36439896,25.25279999,SVO,37.4146,55.972599,1959-03-07,Dubai,55.36439896,25.25279999,NAM,M
XMLs/flight_id_178542.xml,DXB-SVO-leisure-ID2519,Karen Wilson,DXB,55.36439896,25.25279999,SVO,37.4146,55.972599,1976-10-24,Dubai,55.36439896,25.25279999,NAM,F
XMLs/flight_id_178542.xml,DXB-SVO-leisure-ID2519,Mary Wilson,DXB,55.36439896,25.25279999,SVO,37.4146,55.972599,1975-09-03,Dubai,55.36439896,25.25279999,NAM,F
XMLs/flight_id_178542.xml,DXB-SVO-leisure-ID2581,Robert Brown,DXB,55.36439896,25.25279999,SVO,37.4146,55.972599,1986-07-06,Dubai,55.36439896,25.25279999,SLE,M
XMLs/flight_id_178542.xml,DXB-SVO-leisure-ID2655,Nicholas Wolfe,DXB,55.36439896,25.25279999,SVO,37.4146,55.972599,1972-03-16,Dubai,55.36439896,25.25279999,SLE,M
XMLs/flight_id_178542.xml,DXB-SVO-leisure-ID2655,Kyle Wolfe,DXB,55.36439896,25.25279999,SVO,37.4146,55.972599,2002-09-01,Dubai,55.36439896,25.25279999,SLE,M
XMLs/flight_id_178542.xml,DXB-SVO-leisure-ID2655,Jeanette Wolfe,DXB,55.36439896,25.25279999,SVO,37.4146,55.972599,2006-12-30,Dubai,55.36439896,25.25279999,SLE,F
XMLs/flight_id_178542.xml,DXB-SVO-leisure-ID2770,Kevin Perez,DXB,55.36439896,25.25279999,SVO,37.4146,55.972599,1988-09-06,Dubai,55.36439896,25.25279999,SLE,M
XMLs/flight_id_178542.xml,DXB-SVO-leisure-ID2770,Amber Perez,DXB,55.36439896,25.25279999,SVO,37.4146,55.972599,1986-05-15,Dubai,55.36439896,25.25279999,SLE,F
XMLs/flight_id_178542.xml,DXB-SVO-leisure-ID2770,Robert Perez,DXB,55.36439896,25.25279999,SVO,37.4146,55.972599,2021-01-08,Dubai,55.36439896,25.25279999,SLE,M
XMLs/flight_id_178542.xml,DXB-SXF-leisure-ID1058,Sophia Cannon,DXB,55.36439896,25.25279999,SVO,37.4146,55.972599,1978-06-20,Dubai,55.36439896,25.25279999,TZA,F
XMLs/flight_id_178542.xml,DXB-SXF-leisure-ID1058,Jessica Cannon,DXB,55.36439896,25.25279999,SVO,37.4146,55.972599,1976-03-02,Dubai,55.36439896,25.25279999,TZA,F
XMLs/flight_id_178542.xml,DXB-SVO-leisure-ID2912,Emma Rosario,DXB,55.36439896,25.25279999,SVO,37.4146,55.972599,1947-11-09,Dubai,55.36439896,25.25279999,CHE,F
XMLs/flight_id_178542.xml,DXB-SVO-leisure-ID2912,Jay Rosario,DXB,55.36439896,25.25279999,SVO,37.4146,55.972599,1944-02-15,Dubai,55.36439896,25.25279999,CHE,M
XMLs/flight_id_178542.xml,DXB-SVO-leisure-ID2944,Mark Duarte,DXB,55.36439896,25.25279999,SVO,37.4146,55.972599,1986-07-22,Dubai,55.36439896,25.25279999,TZA,M
XMLs/flight_id_178542.xml,DXB-SVO-leisure-ID2963,Taylor Burton,DXB,55.36439896,25.25279999,SVO,37.4146,55.972599,1957-11-12,Dubai,55.36439896,25.25279999,TZA,F
XMLs/flight_id_178542.xml,DXB-SVO-leisure-ID75,Victoria Guerrero,DXB,55.36439896,25.25279999,SVO,37.4146,55.972599,1982-04-24,Dubai,55.36439896,25.25279999,BGD,F
XMLs/flight_id_178542.xml,DXB-SVO-leisure-ID202,Christopher Ford,DXB,55.36439896,25.25279999,SVO,37.4146,55.972599,1988-10-14,Dubai,55.36439896,25.25279999,MAC,M
XMLs/flight_id_178542.xml,DXB-SVO-leisure-ID355,Thomas Elliott,DXB,55.36439896,25.25279999,SVO,37.4146,55.972599,1987-04-15,Dubai,55.36439896,25.25279999,NZL,M
XMLs/flight_id_178542.xml,DXB-SVO-leisure-ID355,Theresa Elliott,DXB,55.36439896,25.25279999,SVO,37.4146,55.972599,1985-07-14,Dubai,55.36439896,25.25279999,NZL,F
XMLs/flight_id_178542.xml,DXB-SVO-leisure-ID355,Elizabeth Elliott,DXB,55.36439896,25.25279999,SVO,37.4146,55.972599,2015-06-10,Dubai,55.36439896,25.25279999,NZL,F
XMLs/flight_id_178542.xml,DXB-SVO-leisure-ID527,Joshua Gonzalez,DXB,55.36439896,25.25279999,SVO,37.4146,55.972599,1963-02-25,Dubai,55.36439896,25.25279999,TJK,M
XMLs/flight_id_178542.xml,DXB-SVO-leisure-ID527,Shari Gonzalez,DXB,55.36439896,25.25279999,SVO,37.4146,55.972599,1974-07-17,Dubai,55.36439896,25.25279999,TJK,F
XMLs/flight_id_178542.xml,DXB-SVO-leisure-ID527,Jennifer Gonzalez,DXB,55.36439896,25.25279999,SVO,37.4146,55.972599,1973-09-05,Dubai,55.36439896,25.25279999,TJK,F
XMLs/flight_id_178542.xml,DXB-SXF-leisure-ID214,'lyn mhn,DXB,55.36439896,25.25279999,SVO,37.4146,55.972599,1945-07-20,Dubai,55.36439896,25.25279999,YEM,F
XMLs/flight_id_178542.xml,DXB-SXF-leisure-ID227,Carole Grant,DXB,55.36439896,25.25279999,SVO,37.4146,55.972599,1954-03-01,Dubai,55.36439896,25.25279999,SGP,F
XMLs/flight_id_178542.xml,DXB-SXF-leisure-ID227,Lydia Grant,DXB,55.36439896,25.25279999,SVO,37.4146,55.972599,1974-10-20,Dubai,55.36439896,25.25279999,SGP,F
XMLs/flight_id_178542.xml,DXB-SXF-leisure-ID227,Angela Grant,DXB,55.36439896,25.25279999,SVO,37.4146,55.972599,1975-05-27,Dubai,55.36439896,25.25279999,SGP,F
XMLs/flight_id_178542.xml,DXB-SVO-leisure-ID586,Dylan Blevins,DXB,55.36439896,25.25279999,SVO,37.4146,55.972599,1942-02-12,Dubai,55.36439896,25.25279999,VNM,M
XMLs/flight_id_178542.xml,DXB-SVO-leisure-ID586,Amy Blevins,DXB,55.36439896,25.25279999,SVO,37.4146,55.972599,1941-10-27,Dubai,55.36439896,25.25279999,VNM,F
XMLs/flight_id_178542.xml,DXB-SXF-leisure-ID240,Chawin Krittayanukoon,DXB,55.36439896,25.25279999,SVO,37.4146,55.972599,1955-03-27,Dubai,55.36439896,25.25279999,THA,F
XMLs/flight_id_178542.xml,DXB-SVO-group-ID34,Walter Brown,DXB,55.36439896,25.25279999,SVO,37.4146,55.972599,1991-06-08,Dubai,55.36439896,25.25279999,HKG,M
XMLs/flight_id_178542.xml,DXB-SVO-leisure-ID115,kwthr al Hsyn,DXB,55.36439896,25.25279999,SVO,37.4146,55.972599,1995-03-12,Dubai,55.36439896,25.25279999,BHR,F
XMLs/flight_id_178542.xml,DXB-SVO-leisure-ID206,Keith Rush,DXB,55.36439896,25.25279999,SVO,37.4146,55.972599,1992-04-27,Dubai,55.36439896,25.25279999,MAC,M
XMLs/flight_id_178542.xml,DXB-SVO-leisure-ID452,Matthew Gutierrez,DXB,55.36439896,25.25279999,SVO,37.4146,55.972599,1968-11-19,Dubai,55.36439896,25.25279999,ROU,M
XMLs/flight_id_178542.xml,DXB-SVO-leisure-ID452,Linda Gutierrez,DXB,55.36439896,25.25279999,SVO,37.4146,55.972599,1971-11-16,Dubai,55.36439896,25.25279999,ROU,F
XMLs/flight_id_178542.xml,DXB-SVO-leisure-ID452,Ryan Gutierrez,DXB,55.36439896,25.25279999,SVO,37.4146,55.972599,2001-05-25,Dubai,55.36439896,25.25279999,ROU,M
XMLs/flight_id_178542.xml,DXB-SVO-leisure-ID452,Brandon Gutierrez,DXB,55.36439896,25.25279999,SVO,37.4146,55.972599,1998-05-03,Dubai,55.36439896,25.25279999,ROU,M
XMLs/flight_id_178542.xml,DXB-SVO-leisure-ID486,Joseph Marusic,DXB,55.36439896,25.25279999,SVO,37.4146,55.972599,1946-09-20,Dubai,55.36439896,25.25279999,BLR,M
XMLs/flight_id_178542.xml,DXB-SVO-leisure-ID486,Kimberly Marusic,DXB,55.36439896,25.25279999,SVO,37.4146,55.972599,1951-06-15,Dubai,55.36439896,25.25279999,BLR,F
XMLs/flight_id_178542.xml,DXB-SVO-leisure-ID533,Colleen Craig,DXB,55.36439896,25.25279999,SVO,37.4146,55.972599,1956-06-19,Dubai,55.36439896,25.25279999,TJK,F
XMLs/flight_id_178542.xml,DXB-SVO-leisure-ID597,Nathan Richard,DXB,55.36439896,25.25279999,SVO,37.4146,55.972599,1969-03-15,Dubai,55.36439896,25.25279999,VNM,M
XMLs/flight_id_178542.xml,DXB-SVO-leisure-ID597,Nicole Richard,DXB,55.36439896,25.25279999,SVO,37.4146,55.972599,1971-03-14,Dubai,55.36439896,25.25279999,VNM,F
XMLs/flight_id_178542.xml,DXB-SVO-leisure-ID659,khmys al qSyr,DXB,55.36439896,25.25279999,SVO,37.4146,55.972599,1978-03-11,Dubai,55.36439896,25.25279999,YEM,M
XMLs/flight_id_178542.xml,DXB-SVO-leisure-ID659,jwn al qSyr,DXB,55.36439896,25.25279999,SVO,37.4146,55.972599,1975-07-14,Dubai,55.36439896,25.25279999,YEM,F
XMLs/flight_id_178542.xml,DXB-SVO-leisure-ID659,jl al qSyr,DXB,55.36439896,25.25279999,SVO,37.4146,55.972599,1974-08-31,Dubai,55.36439896,25.25279999,YEM,F
XMLs/flight_id_178542.xml,DXB-SVO-business-ID30,Amber Braun,DXB,55.36439896,25.25279999,SVO,37.4146,55.972599,2000-10-11,Dubai,55.36439896,25.25279999,MYS,F
XMLs/flight_id_178542.xml,DXB-SVO-group-ID19,Phillip ldbG,DXB,55.36439896,25.25279999,SVO,37.4146,55.972599,1950-10-23,Dubai,55.36439896,25.25279999,CPV,M
XMLs/flight_id_178542.xml,DXB-SVO-group-ID19,Bernard Campos,DXB,55.36439896,25.25279999,SVO,37.4146,55.972599,1962-03-28,Dubai,55.36439896,25.25279999,MNG,M
XMLs/flight_id_178542.xml,DXB-SVO-leisure-ID43,Scott Williams,DXB,55.36439896,25.25279999,SVO,37.4146,55.972599,1951-02-23,Dubai,55.36439896,25.25279999,AUS,M
XMLs/flight_id_178542.xml,DXB-SVO-leisure-ID53,Jared Patel,DXB,55.36439896,25.25279999,SVO,37.4146,55.972599,1974-10-13,Dubai,55.36439896,25.25279999,BGD,M
XMLs/flight_id_178542.xml,DXB-SVO-leisure-ID53,Stephanie Patel,DXB,55.36439896,25.25279999,SVO,37.4146,55.972599,1973-07-21,Dubai,55.36439896,25.25279999,BGD,F
XMLs/flight_id_178542.xml,DXB-SVO-leisure-ID84,Jaime Flores,DXB,55.36439896,25.25279999,SVO,37.4146,55.972599,1991-08-17,Dubai,55.36439896,25.25279999,BGD,M
XMLs/flight_id_178542.xml,DXB-SVO-leisure-ID102,`Sm al `Tf@,DXB,55.36439896,25.25279999,SVO,37.4146,55.972599,1977-02-13,Dubai,55.36439896,25.25279999,BHR,M
XMLs/flight_id_178542.xml,DXB-SVO-leisure-ID137,Jacob Newman,DXB,55.36439896,25.25279999,SVO,37.4146,55.972599,1990-03-08,Dubai,55.36439896,25.25279999,BRN,M
XMLs/flight_id_178542.xml,DXB-SVO-leisure-ID177,Zachary Hein,DXB,55.36439896,25.25279999,SVO,37.4146,55.972599,1975-08-30,Dubai,55.36439896,25.25279999,PRT,M
XMLs/flight_id_178542.xml,DXB-SVO-leisure-ID177,Natalie Hein,DXB,55.36439896,25.25279999,SVO,37.4146,55.972599,1973-12-30,Dubai,55.36439896,25.25279999,PRT,F
XMLs/flight_id_178542.xml,DXB-SVO-leisure-ID177,Nicole Hein,DXB,55.36439896,25.25279999,SVO,37.4146,55.972599,2003-11-26,Dubai,55.36439896,25.25279999,PRT,F
XMLs/flight_id_178542.xml,DXB-SVO-leisure-ID177,Donna Hein,DXB,55.36439896,25.25279999,SVO,37.4146,55.972599,2012-03-04,Dubai,55.36439896,25.25279999,PRT,F
XMLs/flight_id_178542.xml,DXB-SVO-leisure-ID320,Traci Campos,DXB,55.36439896,25.25279999,SVO,37.4146,55.972599,1972-06-04,Dubai,55.36439896,25.25279999,MYS,F
XMLs/flight_id_178542.xml,DXB-SVO-leisure-ID320,Joshua Campos,DXB,55.36439896,25.25279999,SVO,37.4146,55.972599,2006-04-18,Dubai,55.36439896,25.25279999,MYS,M
XMLs/flight_id_178542.xml,DXB-SVO-leisure-ID355,Thomas Elliott,DXB,55.36439896,25.25279999,SVO,37.4146,55.972599,1987-04-15,Dubai,55.36439896,25.25279999,NZL,M
XMLs/flight_id_178542.xml,DXB-SVO-leisure-ID355,Theresa Elliott,DXB,55.36439896,25.25279999,SVO,37.4146,55.972599,1985-07-14,Dubai,55.36439896,25.25279999,NZL,F
XMLs/flight_id_178542.xml,DXB-SVO-leisure-ID355,Elizabeth Elliott,DXB,55.36439896,25.25279999,SVO,37.4146,55.972599,2015-06-10,Dubai,55.36439896,25.25279999,NZL,F
XMLs/flight_id_178542.xml,DXB-SVO-leisure-ID473,Jill Rodriguez,DXB,55.36439896,25.25279999,SVO,37.4146,55.972599,1949-03-11,Dubai,55.36439896,25.25279999,PYF,F
XMLs/flight_id_178542.xml,DXB-SXF-leisure-ID191,Philip Adams,DXB,55.36439896,25.25279999,SVO,37.4146,55.972599,1972-10-23,Dubai,55.36439896,25.25279999,VNM,M
XMLs/flight_id_178542.xml,DXB-SXF-leisure-ID191,Melissa Adams,DXB,55.36439896,25.25279999,SVO,37.4146,55.972599,1968-03-28,Dubai,55.36439896,25.25279999,VNM,F
XMLs/flight_id_178542.xml,DXB-SXF-leisure-ID191,Chad Adams,DXB,55.36439896,25.25279999,SVO,37.4146,55.972599,1999-02-23,Dubai,55.36439896,25.25279999,VNM,M
XMLs/flight_id_178542.xml,DXB-SVO-leisure-ID494,shl ljbr,DXB,55.36439896,25.25279999,SVO,37.4146,55.972599,1988-09-02,Dubai,55.36439896,25.25279999,SYR,M
XMLs/flight_id_178542.xml,DXB-SVO-leisure-ID570,Kyle Reed,DXB,55.36439896,25.25279999,SVO,37.4146,55.972599,1963-05-06,Dubai,55.36439896,25.25279999,VNM,M
XMLs/flight_id_178542.xml,DXB-SVO-leisure-ID570,Brenda Reed,DXB,55.36439896,25.25279999,SVO,37.4146,55.972599,1967-06-12,Dubai,55.36439896,25.25279999,VNM,F
XMLs/flight_id_178542.xml,DXB-SVO-leisure-ID672,David Fernandez,DXB,55.36439896,25.25279999,SVO,37.4146,55.972599,1946-09-15,Dubai,55.36439896,25.25279999,UZB,M
XMLs/flight_id_178542.xml,DXB-SVO-leisure-ID702,Timothy Carr,DXB,55.36439896,25.25279999,SVO,37.4146,55.972599,1970-09-15,Dubai,55.36439896,25.25279999,UZB,M
XMLs/flight_id_178542.xml,DXB-SVO-leisure-ID702,Yvette Carr,DXB,55.36439896,25.25279999,SVO,37.4146,55.972599,1976-09-04,Dubai,55.36439896,25.25279999,UZB,F
XMLs/flight_id_178542.xml,DXB-SVO-business-ID4,hndy fSyl,DXB,55.36439896,25.25279999,SVO,37.4146,55.972599,1991-06-05,Dubai,55.36439896,25.25279999,YEM,F
XMLs/flight_id_178542.xml,DXB-SVO-business-ID4,qdry shrbtly,DXB,55.36439896,25.25279999,SVO,37.4146,55.972599,1964-08-17,Dubai,55.36439896,25.25279999,YEM,M
XMLs/flight_id_178542.xml,DXB-SVO-business-ID4,dny ljfly,DXB,55.36439896,25.25279999,SVO,37.4146,55.972599,1970-08-17,Dubai,55.36439896,25.25279999,YEM,M
XMLs/flight_id_178542.xml,DXB-SVO-business-ID4,Hmwd al bn Zfr,DXB,55.36439896,25.25279999,SVO,37.4146,55.972599,1989-08-03,Dubai,55.36439896,25.25279999,YEM,M
XMLs/flight_id_178542.xml,DXB-SVO-business-ID21,ymn Sirobaba,DXB,55.36439896,25.25279999,SVO,37.4146,55.972599,1972-02-08,Dubai,55.36439896,25.25279999,BRA,F
XMLs/flight_id_178542.xml,DXB-SVO-business-ID21,hd~ 'b lkhyl,DXB,55.36439896,25.25279999,SVO,37.4146,55.972599,1948-04-01,Dubai,55.36439896,25.25279999,PSE,F
XMLs/flight_id_178542.xml,DXB-SVO-business-ID24,smyr al khDyr,DXB,55.36439896,25.25279999,SVO,37.4146,55.972599,1966-06-18,Dubai,55.36439896,25.25279999,PSE,M
XMLs/flight_id_178542.xml,DXB-SVO-business-ID24,lyth l`jln,DXB,55.36439896,25.25279999,SVO,37.4146,55.972599,1970-03-06,Dubai,55.36439896,25.25279999,PSE,M
XMLs/flight_id_178542.xml,DXB-SVO-business-ID25,nrdyn al lshykh,DXB,55.36439896,25.25279999,SVO,37.4146,55.972599,1964-07-06,Dubai,55.36439896,25.25279999,PSE,F
XMLs/flight_id_178542.xml,DXB-SVO-business-ID25,twlyn al lshykh,DXB,55.36439896,25.25279999,SVO,37.4146,55.972599,1972-11-04,Dubai,55.36439896,25.25279999,PSE,F
XMLs/flight_id_178542.xml,DXB-SVO-business-ID25,DrGm bn ldn,DXB,55.36439896,25.25279999,SVO,37.4146,55.972599,1964-09-03,Dubai,55.36439896,25.25279999,PSE,M
XMLs/flight_id_178542.xml,DXB-SVO-leisure-ID174,Ann Johnson,DXB,55.36439896,25.25279999,SVO,37.4146,55.972599,1951-07-27,Dubai,55.36439896,25.25279999,BRN,F
XMLs/flight_id_178542.xml,DXB-SXF-leisure-ID91,Calvin Sloan,DXB,55.36439896,25.25279999,SVO,37.4146,55.972599,1974-08-19,Dubai,55.36439896,25.25279999,LBN,M
XMLs/flight_id_178542.xml,DXB-SXF-leisure-ID91,Tina Sloan,DXB,55.36439896,25.25279999,SVO,37.4146,55.972599,1972-02-15,Dubai,55.36439896,25.25279999,LBN,F
XMLs/flight_id_178542.xml,DXB-SVO-leisure-ID412,ndr mhn,DXB,55.36439896,25.25279999,SVO,37.4146,55.972599,1971-07-07,Dubai,55.36439896,25.25279999,PSE,M
XMLs/flight_id_178542.xml,DXB-SVO-leisure-ID412,blm mhn,DXB,55.36439896,25.25279999,SVO,37.4146,55.972599,1971-05-13,Dubai,55.36439896,25.25279999,PSE,F
XMLs/flight_id_178542.xml,DXB-SVO-leisure-ID412,dhyb mhn,DXB,55.36439896,25.25279999,SVO,37.4146,55.972599,2008-09-18,Dubai,55.36439896,25.25279999,PSE,M
XMLs/flight_id_178542.xml,DXB-SVO-leisure-ID524,mqdd Evdokimov,DXB,55.36439896,25.25279999,SVO,37.4146,55.972599,1977-10-05,Dubai,55.36439896,25.25279999,KEN,M
XMLs/flight_id_178542.xml,DXB-SVO-leisure-ID524,`ly@ Evdokimov,DXB,55.36439896,25.25279999,SVO,37.4146,55.972599,1975-07-25,Dubai,55.36439896,25.25279999,KEN,F
XMLs/flight_id_178542.xml,DXB-SXF-leisure-ID235,Supasit Kongchayasukawut,DXB,55.36439896,25.25279999,SVO,37.4146,55.972599,1994-07-23,Dubai,55.36439896,25.25279999,YEM,F
XMLs/flight_id_178542.xml,DXB-SXF-leisure-ID235,Wasin Kongchayasukawut,DXB,55.36439896,25.25279999,SVO,37.4146,55.972599,1995-07-09,Dubai,55.36439896,25.25279999,YEM,M
XMLs/flight_id_178542.xml,DXB-SVO-leisure-ID581,Christian Baker,DXB,55.36439896,25.25279999,SVO,37.4146,55.972599,1960-05-29,Dubai,55.36439896,25.25279999,NOR,M
XMLs/flight_id_178542.xml,DXB-SVO-leisure-ID581,Kara Baker,DXB,55.36439896,25.25279999,SVO,37.4146,55.972599,1973-02-08,Dubai,55.36439896,25.25279999,NOR,F
XMLs/flight_id_178542.xml,DXB-SVO-leisure-ID581,Michelle Baker,DXB,55.36439896,25.25279999,SVO,37.4146,55.972599,1974-10-21,Dubai,55.36439896,25.25279999,NOR,F
XMLs/flight_id_178542.xml,DXB-SVO-leisure-ID623,`lm Kopysc,DXB,55.36439896,25.25279999,SVO,37.4146,55.972599,1990-01-14,Dubai,55.36439896,25.25279999,SSD,M
XMLs/flight_id_178542.xml,DXB-SVO-leisure-ID623,jwd Kopysc,DXB,55.36439896,25.25279999,SVO,37.4146,55.972599,1975-02-17,Dubai,55.36439896,25.25279999,SSD,F
XMLs/flight_id_178542.xml,DXB-SVO-leisure-ID652,Th al m`yD,DXB,55.36439896,25.25279999,SVO,37.4146,55.972599,1972-04-03,Dubai,55.36439896,25.25279999,YEM,M
XMLs/flight_id_178542.xml,DXB-SVO-leisure-ID652,ysmyn al m`yD,DXB,55.36439896,25.25279999,SVO,37.4146,55.972599,1971-11-01,Dubai,55.36439896,25.25279999,YEM,F
XMLs/flight_id_178542.xml,DXB-SVO-leisure-ID702,Timothy Carr,DXB,55.36439896,25.25279999,SVO,37.4146,55.972599,1970-09-15,Dubai,55.36439896,25.25279999,UZB,M
XMLs/flight_id_178542.xml,DXB-SVO-leisure-ID702,Yvette Carr,DXB,55.36439896,25.25279999,SVO,37.4146,55.972599,1976-09-04,Dubai,55.36439896,25.25279999,UZB,F
XMLs/flight_id_178542.xml,DXB-SVO-group-ID16,Raymond Caldwell,DXB,55.36439896,25.25279999,SVO,37.4146,55.972599,1993-03-16,Dubai,55.36439896,25.25279999,MNG,M
XMLs/flight_id_178542.xml,DXB-SVO-group-ID24,Andrew Rhodes,DXB,55.36439896,25.25279999,SVO,37.4146,55.972599,1978-06-25,Dubai,55.36439896,25.25279999,BRN,M
XMLs/flight_id_178542.xml,DXB-SVO-group-ID24,Steven Molchanov,DXB,55.36439896,25.25279999,SVO,37.4146,55.972599,1992-06-25,Dubai,55.36439896,25.25279999,EST,M
XMLs/flight_id_178542.xml,DXB-SXF-business-ID10,Daniel Cannon,DXB,55.36439896,25.25279999,SVO,37.4146,55.972599,1975-04-21,Dubai,55.36439896,25.25279999,NZL,M
XMLs/flight_id_178542.xml,DXB-SXF-business-ID10,Melissa Lopez,DXB,55.36439896,25.25279999,SVO,37.4146,55.972599,1955-10-06,Dubai,55.36439896,25.25279999,AFG,F
XMLs/flight_id_178542.xml,DXB-SXF-business-ID10,Scott Gomez,DXB,55.36439896,25.25279999,SVO,37.4146,55.972599,1954-03-20,Dubai,55.36439896,25.25279999,MYS,M
XMLs/flight_id_178542.xml,DXB-SXF-leisure-ID4,Matthew Saunders,DXB,55.36439896,25.25279999,SVO,37.4146,55.972599,1961-04-04,Dubai,55.36439896,25.25279999,AUS,M
XMLs/flight_id_178542.xml,DXB-SXF-leisure-ID4,Hayley Saunders,DXB,55.36439896,25.25279999,SVO,37.4146,55.972599,1976-06-09,Dubai,55.36439896,25.25279999,AUS,F
XMLs/flight_id_178542.xml,DXB-SXF-leisure-ID4,Lisa Saunders,DXB,55.36439896,25.25279999,SVO,37.4146,55.972599,1972-05-05,Dubai,55.36439896,25.25279999,AUS,F
XMLs/flight_id_178542.xml,DXB-SVO-leisure-ID28,Curtis Warren,DXB,55.36439896,25.25279999,SVO,37.4146,55.972599,1943-06-20,Dubai,55.36439896,25.25279999,AUS,M
XMLs/flight_id_178542.xml,DXB-SVO-leisure-ID28,Whitney Warren,DXB,55.36439896,25.25279999,SVO,37.4146,55.972599,1948-02-16,Dubai,55.36439896,25.25279999,AUS,F
XMLs/flight_id_178542.xml,DXB-SVO-leisure-ID32,Scott Rodriguez,DXB,55.36439896,25.25279999,SVO,37.4146,55.972599,1969-07-05,Dubai,55.36439896,25.25279999,AUS,M
XMLs/flight_id_178542.xml,DXB-SVO-leisure-ID32,Mindy Rodriguez,DXB,55.36439896,25.25279999,SVO,37.4146,55.972599,1969-03-23,Dubai,55.36439896,25.25279999,AUS,F
XMLs/flight_id_178542.xml,DXB-SVO-leisure-ID32,Paul Rodriguez,DXB,55.36439896,25.25279999,SVO,37.4146,55.972599,2007-06-15,Dubai,55.36439896,25.25279999,AUS,M
XMLs/flight_id_178542.xml,DXB-SXF-leisure-ID47,mHsn bqshn,DXB,55.36439896,25.25279999,SVO,37.4146,55.972599,1959-09-23,Dubai,55.36439896,25.25279999,BHR,M
XMLs/flight_id_178542.xml,DXB-SXF-leisure-ID57,Gary Thompson,DXB,55.36439896,25.25279999,SVO,37.4146,55.972599,1946-10-24,Dubai,55.36439896,25.25279999,BRN,M
XMLs/flight_id_178542.xml,DXB-SXF-leisure-ID57,Brittany Thompson,DXB,55.36439896,25.25279999,SVO,37.4146,55.972599,1972-10-27,Dubai,55.36439896,25.25279999,BRN,F
XMLs/flight_id_178542.xml,DXB-SXF-leisure-ID57,Kristen Thompson,DXB,55.36439896,25.25279999,SVO,37.4146,55.972599,1973-04-06,Dubai,55.36439896,25.25279999,BRN,F
XMLs/flight_id_178542.xml,DXB-SXF-leisure-ID57,Susan Thompson,DXB,55.36439896,25.25279999,SVO,37.4146,55.972599,1972-06-23,Dubai,55.36439896,25.25279999,BRN,F
XMLs/flight_id_178542.xml,DXB-SXF-leisure-ID57,Kimberly Thompson,DXB,55.36439896,25.25279999,SVO,37.4146,55.972599,1973-04-26,Dubai,55.36439896,25.25279999,BRN,F
XMLs/flight_id_178542.xml,DXB-SVO-leisure-ID199,Edward Warner,DXB,55.36439896,25.25279999,SVO,37.4146,55.972599,1977-12-14,Dubai,55.36439896,25.25279999,MAC,M
XMLs/flight_id_178542.xml,DXB-SVO-leisure-ID199,Janet Warner,DXB,55.36439896,25.25279999,SVO,37.4146,55.972599,1980-10-02,Dubai,55.36439896,25.25279999,MAC,F
XMLs/flight_id_178542.xml,DXB-SVO-leisure-ID425,fw'd knw,DXB,55.36439896,25.25279999,SVO,37.4146,55.972599,1993-10-20,Dubai,55.36439896,25.25279999,PSE,M
XMLs/flight_id_178542.xml,DXB-SVO-leisure-ID425,'fnn knw,DXB,55.36439896,25.25279999,SVO,37.4146,55.972599,2020-01-26,Dubai,55.36439896,25.25279999,PSE,F
XMLs/flight_id_178542.xml,DXB-SVO-leisure-ID425,Hy@ knw,DXB,55.36439896,25.25279999,SVO,37.4146,55.972599,2021-04-17,Dubai,55.36439896,25.25279999,PSE,F
XMLs/flight_id_178542.xml,DXB-SVO-leisure-ID495,hymn fSyl,DXB,55.36439896,25.25279999,SVO,37.4146,55.972599,1963-04-14,Dubai,55.36439896,25.25279999,SYR,M
XMLs/flight_id_178542.xml,DXB-SVO-leisure-ID495,jwryW@ fSyl,DXB,55.36439896,25.25279999,SVO,37.4146,55.972599,1974-03-05,Dubai,55.36439896,25.25279999,SYR,F
XMLs/flight_id_178542.xml,DXB-SVO-leisure-ID495,nhd fSyl,DXB,55.36439896,25.25279999,SVO,37.4146,55.972599,1974-04-06,Dubai,55.36439896,25.25279999,SYR,F
XMLs/flight_id_178542.xml,DXB-SVO-leisure-ID556,Alexander Powell,DXB,55.36439896,25.25279999,SVO,37.4146,55.972599,1975-12-22,Dubai,55.36439896,25.25279999,TJK,M
XMLs/flight_id_178542.xml,DXB-SVO-leisure-ID556,Kristen Powell,DXB,55.36439896,25.25279999,SVO,37.4146,55.972599,1975-06-01,Dubai,55.36439896,25.25279999,TJK,F
XMLs/flight_id_178542.xml,DXB-SVO-leisure-ID621,lyth mhn,DXB,55.36439896,25.25279999,SVO,37.4146,55.972599,1989-10-16,Dubai,55.36439896,25.25279999,YEM,M
XMLs/flight_id_178542.xml,DXB-SVO-leisure-ID621,fd mhn,DXB,55.36439896,25.25279999,SVO,37.4146,55.972599,1987-12-25,Dubai,55.36439896,25.25279999,YEM,F
XMLs/flight_id_178542.xml,DXB-SVO-leisure-ID664,Ronald Fisher,DXB,55.36439896,25.25279999,SVO,37.4146,55.972599,1993-01-07,Dubai,55.36439896,25.25279999,UZB,M
XMLs/flight_id_178542.xml,DXB-SVO-leisure-ID664,Emily Fisher,DXB,55.36439896,25.25279999,SVO,37.4146,55.972599,1990-03-06,Dubai,55.36439896,25.25279999,UZB,F
XMLs/flight_id_178542.xml,DXB-SVO-leisure-ID664,Julia Fisher,DXB,55.36439896,25.25279999,SVO,37.4146,55.972599,2020-02-22,Dubai,55.36439896,25.25279999,UZB,F
XMLs/flight_id_178542.xml,DXB-SVO-leisure-ID710,Craig Thomas,DXB,55.36439896,25.25279999,SVO,37.4146,55.972599,1995-10-21,Dubai,55.36439896,25.25279999,QAT,M
XMLs/flight_id_178542.xml,DXB-SVO-group-ID11,`mr Nita,DXB,55.36439896,25.25279999,SVO,37.4146,55.972599,1947-05-03,Dubai,55.36439896,25.25279999,MKD,M
XMLs/flight_id_178542.xml,DXB-SVO-group-ID29,Theodore Garcia,DXB,55.36439896,25.25279999,SVO,37.4146,55.972599,1981-04-02,Dubai,55.36439896,25.25279999,BGD,M
XMLs/flight_id_178542.xml,DXB-SXF-leisure-ID20,Richard Washington,DXB,55.36439896,25.25279999,SVO,37.4146,55.972599,1942-11-16,Dubai,55.36439896,25.25279999,BGD,M
XMLs/flight_id_178542.xml,DXB-SXF-leisure-ID20,Jessica Washington,DXB,55.36439896,25.25279999,SVO,37.4146,55.972599,1940-06-03,Dubai,55.36439896,25.25279999,BGD,F
XMLs/flight_id_178542.xml,DXB-SVO-leisure-ID133,Marcus Hodge,DXB,55.36439896,25.25279999,SVO,37.4146,55.972599,1964-06-18,Dubai,55.36439896,25.25279999,BRN,M
XMLs/flight_id_178542.xml,DXB-SVO-leisure-ID133,Rachel Hodge,DXB,55.36439896,25.25279999,SVO,37.4146,55.972599,1965-07-14,Dubai,55.36439896,25.25279999,BRN,F
XMLs/flight_id_178542.xml,DXB-SVO-leisure-ID222,Joseph Armstrong,DXB,55.36439896,25.25279999,SVO,37.4146,55.972599,1996-05-13,Dubai,55.36439896,25.25279999,MAC,M
XMLs/flight_id_178542.xml,DXB-SVO-leisure-ID222,Amy Armstrong,DXB,55.36439896,25.25279999,SVO,37.4146,55.972599,1996-04-06,Dubai,55.36439896,25.25279999,MAC,F
XMLs/flight_id_178542.xml,DXB-SVO-leisure-ID222,Brandy Armstrong,DXB,55.36439896,25.25279999,SVO,37.4146,55.972599,2021-10-07,Dubai,55.36439896,25.25279999,MAC,F
XMLs/flight_id_178542.xml,DXB-SVO-leisure-ID242,Chris Mcdowell,DXB,55.36439896,25.25279999,SVO,37.4146,55.972599,1967-02-21,Dubai,55.36439896,25.25279999,MMR,M
XMLs/flight_id_178542.xml,DXB-SVO-leisure-ID242,Amanda Mcdowell,DXB,55.36439896,25.25279999,SVO,37.4146,55.972599,1965-07-17,Dubai,55.36439896,25.25279999,MMR,F
XMLs/flight_id_178542.xml,DXB-SVO-leisure-ID242,Christina Mcdowell,DXB,55.36439896,25.25279999,SVO,37.4146,55.972599,2007-06-20,Dubai,55.36439896,25.25279999,MMR,F
XMLs/flight_id_178542.xml,DXB-SVO-leisure-ID248,Willie Carlson,DXB,55.36439896,25.25279999,SVO,37.4146,55.972599,1980-07-26,Dubai,55.36439896,25.25279999,MMR,M
XMLs/flight_id_178542.xml,DXB-SVO-leisure-ID248,Karen Carlson,DXB,55.36439896,25.25279999,SVO,37.4146,55.972599,1977-02-28,Dubai,55.36439896,25.25279999,MMR,F
XMLs/flight_id_178542.xml,DXB-SVO-leisure-ID281,Candice Hanna,DXB,55.36439896,25.25279999,SVO,37.4146,55.972599,1951-11-28,Dubai,55.36439896,25.25279999,MNG,F
XMLs/flight_id_178542.xml,DXB-SVO-leisure-ID285,David Black,DXB,55.36439896,25.25279999,SVO,37.4146,55.972599,1955-07-24,Dubai,55.36439896,25.25279999,MNG,M
XMLs/flight_id_178542.xml,DXB-SVO-leisure-ID285,Elizabeth Black,DXB,55.36439896,25.25279999,SVO,37.4146,55.972599,1957-05-27,Dubai,55.36439896,25.25279999,MNG,F
XMLs/flight_id_178542.xml,DXB-SVO-leisure-ID288,Sheila Turner,DXB,55.36439896,25.25279999,SVO,37.4146,55.972599,1966-09-13,Dubai,55.36439896,25.25279999,MNG,F
XMLs/flight_id_178542.xml,DXB-SVO-leisure-ID338,Mark Recers,DXB,55.36439896,25.25279999,SVO,37.4146,55.972599,1949-04-30,Dubai,55.36439896,25.25279999,TCD,M
XMLs/flight_id_178542.xml,DXB-SVO-leisure-ID338,Theresa Recers,DXB,55.36439896,25.25279999,SVO,37.4146,55.972599,1946-06-11,Dubai,55.36439896,25.25279999,TCD,F
XMLs/flight_id_178542.xml,DXB-SVO-leisure-ID338,Brian Recers,DXB,55.36439896,25.25279999,SVO,37.4146,55.972599,1984-09-16,Dubai,55.36439896,25.25279999,TCD,M
XMLs/flight_id_178542.xml,DXB-SVO-leisure-ID506,tl al l`skry,DXB,55.36439896,25.25279999,SVO,37.4146,55.972599,1995-05-20,Dubai,55.36439896,25.25279999,SYR,F
XMLs/flight_id_178542.xml,DXB-SVO-leisure-ID597,Nathan Richard,DXB,55.36439896,25.25279999,SVO,37.4146,55.972599,1969-03-15,Dubai,55.36439896,25.25279999,VNM,M
XMLs/flight_id_178542.xml,DXB-SVO-leisure-ID597,Nicole Richard,DXB,55.36439896,25.25279999,SVO,37.4146,55.972599,1971-03-14,Dubai,55.36439896,25.25279999,VNM,F
XMLs/flight_id_178542.xml,DXB-SVO-leisure-ID653,tHsyn al mqT@,DXB,55.36439896,25.25279999,SVO,37.4146,55.972599,1978-04-28,Dubai,55.36439896,25.25279999,YEM,M
XMLs/flight_id_178542.xml,DXB-SVO-leisure-ID653,mrym al mqT@,DXB,55.36439896,25.25279999,SVO,37.4146,55.972599,1978-02-04,Dubai,55.36439896,25.25279999,YEM,F
XMLs/flight_id_178542.xml,DXB-SVO-business-ID11,Jerry Smith,DXB,55.36439896,25.25279999,SVO,37.4146,55.972599,1972-03-26,Dubai,55.36439896,25.25279999,TJK,M
XMLs/flight_id_178542.xml,DXB-SVO-business-ID11,Casey Kidd,DXB,55.36439896,25.25279999,SVO,37.4146,55.972599,1983-12-08,Dubai,55.36439896,25.25279999,TJK,F
XMLs/flight_id_178542.xml,DXB-SVO-business-ID11,Tracy Henson,DXB,55.36439896,25.25279999,SVO,37.4146,55.972599,1951-01-21,Dubai,55.36439896,25.25279999,TJK,F
XMLs/flight_id_178542.xml,DXB-SVO-business-ID11,kbyr al mqT@,DXB,55.36439896,25.25279999,SVO,37.4146,55.972599,1984-02-05,Dubai,55.36439896,25.25279999,SYR,M
XMLs/flight_id_178542.xml,DXB-SXF-leisure-ID18,Paul Kirk,DXB,55.36439896,25.25279999,SVO,37.4146,55.972599,1995-07-23,Dubai,55.36439896,25.25279999,BGD,M
XMLs/flight_id_178542.xml,DXB-SXF-leisure-ID18,Heather Kirk,DXB,55.36439896,25.25279999,SVO,37.4146,55.972599,1998-12-18,Dubai,55.36439896,25.25279999,BGD,F
XMLs/flight_id_178542.xml,DXB-SXF-leisure-ID18,Ryan Kirk,DXB,55.36439896,25.25279999,SVO,37.4146,55.972599,2021-07-28,Dubai,55.36439896,25.25279999,BGD,M
XMLs/flight_id_178542.xml,DXB-SVO-leisure-ID133,Marcus Hodge,DXB,55.36439896,25.25279999,SVO,37.4146,55.972599,1964-06-18,Dubai,55.36439896,25.25279999,BRN,M
XMLs/flight_id_178542.xml,DXB-SVO-leisure-ID133,Rachel Hodge,DXB,55.36439896,25.25279999,SVO,37.4146,55.972599,1965-07-14,Dubai,55.36439896,25.25279999,BRN,F
XMLs/flight_id_178542.xml,DXB-SVO-leisure-ID285,David Black,DXB,55.36439896,25.25279999,SVO,37.4146,55.972599,1955-07-24,Dubai,55.36439896,25.25279999,MNG,M
XMLs/flight_id_178542.xml,DXB-SVO-leisure-ID285,Elizabeth Black,DXB,55.36439896,25.25279999,SVO,37.4146,55.972599,1957-05-27,Dubai,55.36439896,25.25279999,MNG,F
XMLs/flight_id_178542.xml,DXB-SVO-leisure-ID320,Traci Campos,DXB,55.36439896,25.25279999,SVO,37.4146,55.972599,1972-06-04,Dubai,55.36439896,25.25279999,MYS,F
XMLs/flight_id_178542.xml,DXB-SVO-leisure-ID320,Joshua Campos,DXB,55.36439896,25.25279999,SVO,37.4146,55.972599,2006-04-18,Dubai,55.36439896,25.25279999,MYS,M
XMLs/flight_id_178542.xml,DXB-SVO-leisure-ID334,Darrell Jones,DXB,55.36439896,25.25279999,SVO,37.4146,55.972599,1995-10-26,Dubai,55.36439896,25.25279999,MYS,M
XMLs/flight_id_178542.xml,DXB-SVO-leisure-ID334,Jonathan Jones,DXB,55.36439896,25.25279999,SVO,37.4146,55.972599,2021-02-21,Dubai,55.36439896,25.25279999,MYS,M
XMLs/flight_id_178542.xml,DXB-SVO-leisure-ID410,lr al lshykh,DXB,55.36439896,25.25279999,SVO,37.4146,55.972599,1949-07-28,Dubai,55.36439896,25.25279999,PSE,F
XMLs/flight_id_178542.xml,DXB-SXF-leisure-ID138,Jasmine Mendoza,DXB,55.36439896,25.25279999,SVO,37.4146,55.972599,1953-07-01,Dubai,55.36439896,25.25279999,PYF,F
XMLs/flight_id_178542.xml,DXB-SVO-leisure-ID487,Chad Hayden,DXB,55.36439896,25.25279999,SVO,37.4146,55.972599,1965-09-12,Dubai,55.36439896,25.25279999,PYF,M
XMLs/flight_id_178542.xml,DXB-SVO-leisure-ID487,Heather Hayden,DXB,55.36439896,25.25279999,SVO,37.4146,55.972599,1970-12-25,Dubai,55.36439896,25.25279999,PYF,F
XMLs/flight_id_178542.xml,DXB-SVO-leisure-ID494,shl ljbr,DXB,55.36439896,25.25279999,SVO,37.4146,55.972599,1988-09-02,Dubai,55.36439896,25.25279999,SYR,M
XMLs/flight_id_178542.xml,DXB-SVO-leisure-ID514,rwHy lHkyr,DXB,55.36439896,25.25279999,SVO,37.4146,55.972599,1988-09-26,Dubai,55.36439896,25.25279999,SYR,M
XMLs/flight_id_178542.xml,DXB-SVO-leisure-ID514,d` lHkyr,DXB,55.36439896,25.25279999,SVO,37.4146,55.972599,1986-02-28,Dubai,55.36439896,25.25279999,SYR,F
XMLs/flight_id_178542.xml,DXB-SVO-leisure-ID539,Sarah Sterckx,DXB,55.36439896,25.25279999,SVO,37.4146,55.972599,1984-06-05,Dubai,55.36439896,25.25279999,RWA,F
XMLs/flight_id_178542.xml,DXB-SVO-leisure-ID539,Alvin Sterckx,DXB,55.36439896,25.25279999,SVO,37.4146,55.972599,1981-05-16,Dubai,55.36439896,25.25279999,RWA,M
XMLs/flight_id_178542.xml,DXB-SVO-leisure-ID606,Amanda van den Brand,DXB,55.36439896,25.25279999,SVO,37.4146,55.972599,2002-12-21,Dubai,55.36439896,25.25279999,DZA,F
